Gender,Chest Circumference (mm),Hip Circumference (mm),Height (mm),Weight (kg),Waist Circumference (mm)
0,904,1000,1723,60.9,724
0,859,1027,1694,63.2,690
0,1092,1135,1659,85,1014
1,1004,1091,2053,107.6,916
0,898,985,1608,61.3,755
0,925,1052,1776,66,901
1,1099,1090,1850,98.3,867
1,983,966,1840,82.7,886
0,1080,1122,1750,88.5,906
0,910,1065,1695,70.4,804
1,1153,1056,1729,98.7,1036
0,937,1090,1615,63.9,740
1,1021,,1799,84,930
0,925,958,1745,61.6,722
0,1172,1065,1556,80.1,1030
1,1218,1089,1771,107.2,1192
0,900,962,1686,63,740
0,1331,1063,1701,101.6,1226
1,1179,1085,1787,102,
0,1120,1160,1740,96.4,959
1,1104,1040,1751,93,1020
0,1099,1049,1739,80.8,893
0,914,968,1740,60,775
0,1049,1053,1660,73,872
1,1051,1095,1820,93.2,1003
1,891,938,1769,68,809
0,1229,1145,1529,92,1112
1,890,895,1833,62.4,788
0,791,912,1655,51.1,664
1,1025,978,1726,80.8,950
0,1208,1135,1648,90.5,944
0,1150,1280,1595,98.6,969
0,849,968,1696,57.1,690
0,927,1008,1599,57.4,725
0,810,902,1767,54.7,606
0,940,1085,1737,72.9,842
0,909,1042,1724,72.1,761
1,929,963,1745,67.8,850
0,863,959,1506,51.6,715
0,975,1036,1563,64.8,772
0,1249,1172,1765,103.9,1117
0,1050,1050,1633,77.2,861
1,992,946,1595,67.5,894
0,876,1007,1701,61.3,701
0,1202,1249,1849,119.3,1080
0,970,1014,1650,65.1,789
0,891,1055,1742,68.3,722
1,1030,1017,1956,90,941
1,1084,1028,1815,84.9,910
1,1005,1034,1850,82.2,927
1,973,973,1880,78.5,915
0,989,1043,1718,73.3,891
0,1031,990,1679,67.8,847
1,1270,1278,1948,149.7,1235
0,946,1065,1653,64.6,882
1,980,987,1622,70.1,850
0,1200,1235,1628,98.2,1065
0,900,1007,1720,63.7,714
0,1010,1050,1644,72.4,867
1,1107,1084,1635,95,1046
0,890,951,1624,54.1,714
0,950,1025,1637,63.9,748
0,994,990,1703,70.2,849
1,838,890,1737,57.5,684
0,1170,1075,1645,86,1091
1,1089,990,1797,88.6,965
0,1023,1119,1608,71.6,792
0,1032,1036,1598,67.8,824
0,1016,1048,1799,78.1,902
0,1030,1087,1586,77.4,1012
0,1065,1112,1645,79.1,893
0,1284,1364,1733,106.2,1080
0,1078,1135,1715,83.1,1005
0,865,1012,1568,59.1,747
0,1140,1019,1637,77.5,965
1,936,924,1843,73.3,800
0,1149,1100,1541,82,960
0,1134,1150,1798,91.4,998
1,944,895,1677,62,820
0,1052,1075,1702,78.4,870
0,1077,1105,1647,79.2,886
0,886,1007,1691,63.4,674
0,1032,1093,1713,73.5,835
0,1179,1332,1581,95.5,1049
0,1056,1065,1562,73.5,920
0,1146,1066,1723,98.5,1037
1,1005,1014,1622,79,980
1,1168,1075,1825,105.4,1009
1,1007,980,1811,80.9,910
1,1236,1190,2016,127.5,1089
0,855,924,1648,53.7,688
1,1127,1050,1723,100.7,1015
0,885,1005,1659,62,733
0,975,1060,1778,74.1,737
0,937,942,1746,62,750
0,1301,1239,1620,101.7,1064
0,1009,976,1598,63.7,845
0,980,996,1744,69.6,822
0,898,1003,1683,64.1,722
0,960,997,1524,64.2,832
0,1244,1142,1643,91.5,1061
1,890,956,1734,64.4,826
0,851,1009,1630,61.7,800
1,1128,1035,1702,86.6,981
0,845,965,1680,57.6,679
1,1160,1285,1812,131.2,1357
0,1045,1119,1760,86.6,847
0,920,1099,1598,68.6,762
1,952,955,1837,72.4,924
0,886,980,1545,56.8,725
1,1011,1057,1900,85.1,896
0,1220,,1672,101.6,1135
1,1019,1045,1881,89,1014
1,877,914,1884,64.4,804
0,894,926,1732,58.9,755
0,1003,1122,1699,82.2,884
1,990,999,1930,88.1,940
1,1033,1011,1811,80.9,845
0,816,943,1689,53.8,670
1,1018,1072,1787,87.8,961
0,1105,1233,1763,103.7,1003
0,1156,1190,1645,98.4,1022
0,950,968,1574,57.5,734
0,1230,1234,1706,110,1197
0,914,970,1633,58,726
1,1207,1130,1812,108.9,1147
0,895,1060,1778,71.1,755
1,1060,1045,1758,89.3,977
0,927,1042,1720,69.2,726
0,,980,1805,67.3,845
1,968,1040,1863,86,994
0,852,910,1603,52.5,706
0,891,965,1663,56.1,727
0,973,979,1531,61.1,839
1,1012,978,1723,81.1,905
0,876,878,1654,50.3,725
0,1269,1191,1763,116.3,1157
0,976,1090,1660,69.8,770
1,895,940,1684,65.1,779
0,1015,1078,1606,76.5,984
0,1051,1129,1664,89.3,990
0,826,1017,1658,52.6,695
0,1056,1196,1675,86.3,860
1,948,951,1848,69.8,860
1,1177,1085,1922,106.3,1040
0,1051,1023,1650,74.5,836
1,970,989,1840,79.5,877
1,979,1158,1954,99.4,980
0,945,1022,1767,68.3,749
0,990,977,1611,60.9,806
1,1043,954,1803,77.1,870
0,963,1035,1770,69.8,748
0,970,990,1837,70.7,783
0,1048,1091,1652,85.5,970
1,947,961,1747,71.7,892
0,1046,1228,1948,103.4,984
1,1108,1030,1787,93,1004
0,895,957,1616,58.5,701
0,1004,1037,1737,75.4,796
1,966,922,1760,69.3,888
0,989,973,1564,65.8,842
0,977,1087,1674,71.3,788
0,1191,1135,1660,89.3,1099
0,1266,,1624,114,1271
1,883,985,1786,72,880
0,991,993,1594,63.3,842
0,969,925,1592,54.9,731
0,995,1024,1705,67,800
0,1010,1122,1770,82.9,896
0,1216,1165,1721,96.3,1074
1,1170,1215,2073,122.3,1110
0,881,999,1659,56,686
1,927,949,1769,67,835
0,992,1041,1773,76.4,801
0,1073,1066,1714,77,890
0,1037,965,1708,68.7,805
0,1046,880,1665,63.2,790
0,908,950,1597,54.7,694
0,994,1092,1676,73.9,752
0,1046,1065,1738,81.4,933
0,998,1030,1636,68.2,818
0,893,991,1703,64.2,781
0,1131,1162,1715,93.8,980
1,1185,1018,1689,94.6,1009
0,1003,935,1539,62.2,808
0,891,1011,1643,60.4,753
0,1150,1153,1732,91.2,980
0,1030,1042,1626,72.5,868
0,1052,1106,1623,79.3,930
0,1310,1419,1868,139.2,1265
0,994,1060,1794,70.7,765
0,1060,1062,1557,68,875
0,983,1056,1708,71.4,764
1,1115,1058,1760,95,962
0,1243,1272,1736,110.2,1053
0,1173,985,1663,76.6,940
0,970,1035,1583,63.8,832
0,928,1020,1718,71,785
1,914,1042,1861,77.2,910
0,975,1102,1745,75.7,821
0,869,976,1703,61.5,690
0,868,1030,1734,63.5,771
0,1208,1197,1699,106.3,1144
0,1027,1136,1729,89.2,929
0,845,963,1641,55.6,702
0,972,1119,1605,69.9,862
0,951,972,1664,61.9,774
0,887,905,1686,54,735
0,1116,1119,1597,79.4,913
0,942,1034,1811,72.1,775
0,999,1010,1658,66.2,754
0,1169,1045,1808,91.6,984
1,889,1010,1315,57.5,857
0,864,950,1436,50.2,695
1,982,974,1820,75.9,851
1,1170,1066,1749,110.8,1063
0,1274,1120,1644,96.7,1115
1,924,1009,1719,74.4,878
1,1142,1080,1798,100.8,1085
1,1040,952,1768,77.5,924
1,1040,1015,1755,82.7,923
0,942,1050,1671,66.2,808
0,1125,1089,1737,89.8,993
0,887,982,1628,64.7,762
0,1029,1069,1751,77.2,932
0,1103,1213,1676,91,936
0,966,1090,1625,70.6,763
0,1091,1116,1719,86.3,984
0,1105,1170,1633,86.8,1021
0,924,920,1543,53.4,758
0,912,1011,1714,65.6,766
0,1020,1061,1672,74.5,869
0,1102,1165,1730,91.6,1011
0,922,956,1629,60.8,766
0,882,965,1612,55.6,640
0,1131,1286,1742,115.8,975
0,885,1016,1667,62,708
0,1043,1099,1810,82.3,905
1,993,1015,1772,82.5,856
1,1141,1074,1895,99.7,975
1,1104,1111,2017,103.2,1005
0,917,967,1640,58.6,713
1,1015,985,1854,78.4,891
1,1062,1037,1772,91.5,1060
1,1042,955,1782,80.3,920
1,992,1000,1810,81.4,929
1,1031,1004,1687,78,904
1,1089,1016,1848,85.5,1052
1,1027,1125,1927,100.7,976
1,1195,1065,1725,98.8,1082
1,1162,1140,1933,107,1112
1,1059,1035,1851,87.5,972
1,932,947,1813,71.5,790
1,984,1000,1808,81.3,915
1,1084,994,1809,86.3,939
1,1059,994,1724,89,917
1,1081,1045,1719,91.3,997
1,1042,1021,1826,81,928
1,1096,1103,1840,98.2,998
1,1008,995,1717,74.4,844
1,994,1040,1913,90.4,923
1,944,999,1855,77.2,957
1,949,956,1785,69.8,835
1,1026,1071,1869,89,930
1,1116,1002,1812,90.4,950
1,1019,1066,1875,91.7,927
1,948,977,1860,75.8,844
1,1293,1139,1795,108,1045
1,1186,1035,1772,92.6,1009
1,993,1045,1808,93.4,926
1,1115,1209,1904,117,1150
1,1043,1010,1835,86.1,941
0,1123,1126,1812,87.8,881
0,930,1086,1729,78.2,913
0,1122,1114,1653,78.2,905
0,888,928,1541,48.3,650
1,879,953,1834,75.5,882
0,1042,1144,1715,87.4,1040
0,1174,1130,1779,97.2,1114
0,1083,1245,1787,94,894
0,952,915,1702,60.7,820
0,1286,1262,1657,109.7,1189
0,882,980,1698,59.4,789
1,881,880,1600,52.9,781
1,1108,1008,1662,86.3,1041
0,1220,1085,1589,93.2,1085
0,1080,1075,1705,77.7,905
0,1102,1126,1591,80.4,937
1,1059,1016,1807,82.6,954
0,883,983,1615,58,790
0,1029,970,1801,81.2,928
0,992,1087,1635,72.3,795
0,927,1021,1722,67.7,790
1,978,978,1941,82.6,852
0,900,1066,1684,60.2,795
0,911,1015,1834,70.5,735
0,1004,1055,1654,71.8,830
1,1112,1052,1664,83.5,992
0,1100,1050,1639,76.9,928
1,951,916,1756,64.4,897
0,1193,1082,1765,101.7,1063
0,1261,1198,1600,102,1134
1,911,945,1722,66.9,792
0,1151,1080,1721,82.2,909
1,1018,980,1677,73.2,865
0,1146,1215,1727,97.3,968
0,1259,1219,1711,113.5,1280
0,983,1033,1674,65.6,797
0,901,984,1622,57.2,750
0,877,908,1618,53.8,732
1,1056,1056,1874,98.6,1023
0,986,1085,1752,75.4,838
0,1177,1150,1710,88,943
0,1144,1096,1607,81,983
1,1010,1011,1893,85.4,944
1,1100,1059,1874,98.8,1005
1,1095,1095,1768,91,1037
0,910,925,1656,52.3,720
1,981,963,1763,71.5,789
1,1125,1032,1843,98.2,1053
0,1177,944,1538,71.5,909
0,839,1004,1793,61.8,689
1,1261,1081,1704,103.9,1109
1,1286,1075,1638,106.9,1140
1,1064,1088,1959,105.1,1036
1,1210,1122,1919,112.9,1080
0,1045,1056,1635,74.1,837
0,962,1169,1687,75.1,773
0,915,1053,1691,68.3,780
0,931,1039,1619,66.6,788
1,1055,1096,1659,86.3,934
1,909,1041,1710,64.4,746
1,990,988,1731,79,903
0,1068,1107,1609,80,888
0,1010,1122,1640,93.9,1011
0,1072,1098,1678,77.9,857
1,1026,1049,1749,85.5,1000
1,1064,1057,1793,86.8,933
1,1175,1110,1859,110.4,1045
0,1001,1010,1715,76.9,856
1,1018,1026,1845,90.6,946
0,1278,,1557,96.2,1030
0,909,954,1736,59.7,771
0,905,1105,1685,74,791
0,1094,1177,1753,91.9,926
0,887,937,1661,55,675
0,845,940,1705,55.2,
1,1225,1190,2019,132,1129
0,1003,1090,1643,75.2,917
0,1394,1454,1643,115.6,1171
0,993,1164,1678,80.7,822
0,964,1056,1705,75,796
0,947,1100,1702,70.2,903
0,875,1061,1579,60.9,784
0,1081,1036,1694,80.1,966
1,1054,1083,1820,91.4,990
0,1044,1120,1739,84.6,884
1,1055,1042,1753,82.9,916
0,933,1026,1709,69.9,784
0,950,942,1658,61.7,726
0,976,1078,1691,72.1,795
0,1139,1220,1753,104.8,982
1,963,1005,1749,77,912
0,890,955,1639,58.6,740
0,935,1053,1694,67.2,835
0,1040,1032,1626,74.2,897
0,1004,1090,1756,79.9,847
1,1083,1090,1755,96.3,967
0,832,1016,1643,57.4,736
0,905,980,1740,66.4,757
0,1253,1275,1696,104.2,1097
1,1032,1060,1837,88.7,976
0,999,1122,1670,74.9,833
0,1120,1020,1707,80.4,907
1,1068,1046,1733,87.9,1009
0,900,1106,1765,73.2,751
0,860,1019,1672,60.9,685
0,1112,1052,1793,88.5,1079
1,948,942,1840,78.6,910
0,1107,977,1765,83.2,928
0,990,1059,1793,77.9,878
0,900,970,1701,59.5,717
0,945,940,1653,58.7,764
0,883,965,1750,62.4,764
0,905,939,1647,60.6,772
0,909,1042,1652,63.3,740
0,1159,1208,1609,93.5,1025
0,853,978,1714,58.4,658
0,1234,1159,1633,100.4,1135
1,1123,1060,1833,98.9,1010
0,1248,1121,1759,109.9,1012
0,924,985,1629,57.1,749
0,1081,1155,1701,92.2,929
0,1064,1068,1631,77.4,959
0,1081,1107,1673,79.3,902
0,1023,1047,1723,73.1,826
1,1035,1032,1761,86.4,957
0,1032,990,1550,62.8,843
0,1110,1050,1727,84.5,940
0,1367,1184,1725,113.9,1220
1,1153,1135,1748,105.6,1090
0,1062,1063,1761,87.5,983
0,1197,1134,1553,82.8,1035
0,942,1008,1820,73.6,791
1,1067,1037,1846,91.7,986
0,1127,1203,1715,98.2,1053
1,1044,1000,1776,79.5,908
0,901,1049,1707,60.4,735
0,888,989,1611,59.7,780
0,908,971,1643,61.2,744
0,955,1087,1854,74.1,845
0,978,996,1765,67.7,807
0,980,1044,1750,72.1,847
0,1179,1142,1712,93.3,1075
0,1355,1180,1643,122.4,1230
0,962,943,1590,58.7,830
0,925,1038,1654,65.9,737
0,1051,1040,1653,72.6,850
0,1011,1074,1675,71.9,795
0,1048,1087,1750,81,905
0,930,1015,1662,68.2,828
0,954,1046,1773,69.8,766
1,938,938,1679,70,960
1,1069,1102,1958,100.5,1005
1,1060,990,1864,80.2,905
0,910,1090,1710,68.5,797
1,1123,1175,1747,103.3,1186
1,937,1033,1780,77.9,839
0,872,1021,1723,63.1,774
1,1219,1225,1881,133.6,1160
1,885,947,1794,63,776
1,1139,1095,1920,98.9,942
0,916,1077,1749,68.9,777
0,1098,1060,1612,79,975
0,1010,1087,1683,75.7,845
1,983,1078,1949,88.4,950
0,970,1068,1779,69.5,799
0,1128,1202,1696,96.3,995
0,898,1026,1738,62.3,709
0,862,971,1609,54.5,675
0,1141,1125,1679,89.6,1012
0,894,1060,1633,65.8,778
0,924,1027,1520,62.2,754
0,949,1124,1648,69.9,775
1,966,975,1692,73.2,885
0,1234,1200,1632,97.1,1032
1,913,955,1902,73.8,827
0,922,1055,1763,69,774
1,1008,1012,1797,79.2,929
1,911,928,1760,65.8,835
0,1154,1086,1692,88.5,1015
0,962,1052,1739,66,725
0,1022,1037,1730,74,864
0,1056,1164,1794,84,885
0,1215,1150,1651,98.9,1020
0,1075,1118,1664,84.5,
0,1001,1024,1759,68.8,875
0,888,980,1648,60.9,743
0,926,904,1577,54.3,822
0,890,1028,1652,60.5,720
1,1154,1069,1769,103.1,1057
0,1151,1189,1707,90.6,1029
0,1088,1165,1613,86.5,885
1,1165,1100,1827,106.9,1088
0,1036,1108,1697,76,795
1,1015,992,1762,74.3,844
1,884,949,1781,67,797
0,909,982,1864,69.1,725
0,896,1023,1701,63.5,778
0,969,951,1560,61.8,792
0,1067,1150,1610,83,929
0,1005,1041,1671,78.2,832
0,1180,1234,1770,106.2,1105
0,938,1025,1722,68.4,887
0,907,960,1602,56.6,877
1,1073,996,1750,86.2,917
0,1146,1139,1595,82.9,1030
0,931,1060,1702,68.2,729
0,982,1000,1771,68.8,810
1,915,970,1833,68.8,782
1,962,1042,1870,86.1,855
0,861,970,1710,58.4,679
0,997,1111,1875,81.7,799
0,1156,1160,1711,95.2,1040
1,1041,1000,1896,86,940
1,1037,1109,1941,93.6,977
0,856,954,1674,56.1,728
0,1270,1189,1639,107.6,1200
0,1025,1096,1609,74.1,916
0,1143,1214,1757,97.1,1005
0,890,959,1590,57.2,762
0,1002,1017,1749,74.2,857
1,970,980,1789,72.5,839
1,918,967,1828,69.2,786
0,955,1026,1632,62.1,802
1,943,1010,1700,67.5,
0,985,1125,1673,75.9,833
0,881,935,1757,56.5,693
1,907,926,1759,61.5,781
1,961,962,1791,85.7,877
0,1056,1098,1665,76.7,890
1,1137,1182,1867,110.9,1076
0,1184,1115,1666,92.4,999
0,1176,1202,1698,105,1028
0,871,974,1715,59.2,709
0,1019,1171,1666,81,958
0,1002,1145,1736,78.4,857
1,972,1034,1748,80,887
1,887,974,1786,68.4,814
0,1143,1211,1731,96.2,1008
1,1025,1005,1689,75.8,903
1,795,821,1684,53.6,746
1,970,1116,1971,90.9,944
0,943,1039,1570,63.7,790
1,1095,1053,1855,99.4,1037
0,1160,1134,1655,90.1,1014
0,1141,1210,1871,100.7,1080
0,810,865,1553,48.3,710
0,860,1005,1734,59.5,729
1,865,879,1748,61.3,739
1,903,993,1858,73.6,800
1,1026,1036,1773,80.7,924
0,1180,1111,1672,95.6,1070
0,1026,1020,1683,68.2,747
1,1017,,1895,88.5,939
1,920,960,1874,75.6,801
1,1060,1029,1796,87.2,1011
1,1053,1042,1751,86.6,945
1,995,973,1772,80,866
1,1085,1131,1977,102.8,987
1,1165,1141,1841,114.1,1029
0,1018,1084,1598,76.3,913
0,900,1105,1687,69.4,730
0,1032,1079,1683,78.6,872
1,970,985,1870,74,825
0,908,965,1684,60.4,739
0,980,1038,1693,74.8,841
0,872,970,1606,57.2,778
1,962,1074,1817,83.6,912
1,888,918,1832,67.6,792
1,925,916,1617,62.5,862
0,1250,1277,1690,107,1153
1,1023,983,1808,80,852
1,992,998,1798,83.8,950
1,1055,1022,1783,82.1,957
1,928,1020,1773,74.3,813
0,868,1011,1735,59.4,669
1,999,1017,1853,83.7,987
1,995,1029,1840,86.6,883
0,954,1095,1874,80.3,879
1,943,939,1693,66.5,800
0,1072,1091,1623,78.6,884
1,1129,1101,1821,105,1054
1,978,1070,1794,77.9,891
1,1077,1071,1744,90.1,937
0,1042,1169,1705,86.5,889
0,936,1091,1787,78,756
1,1051,1078,1915,93,984
1,997,1005,1854,81.8,957
0,911,1039,1592,62.4,747
0,916,1042,1805,67.9,734
0,1052,1061,1736,75.3,880
0,979,1082,1703,71.2,822
0,1014,1121,1813,79.9,840
0,978,1043,1729,66.2,861
0,949,1018,1732,68,855
1,1032,953,1753,79.1,951
0,963,1079,1753,73.5,726
0,937,1081,1645,68.2,813
0,958,1087,1644,68,820
0,886,977,1616,57.1,676
0,1031,1138,1598,82.1,944
0,1008,1051,1753,69.5,773
1,1055,1020,1911,92.6,917
1,1065,1108,1838,92.9,945
1,1050,1002,1874,83.4,878
0,826,991,1695,55,680
1,981,1020,1749,81.9,949
1,940,1053,1876,82.4,850
0,878,1017,1679,59.8,756
0,898,924,1681,55.2,685
0,895,972,1638,56.2,682
0,1044,1177,1655,81.8,973
0,1095,1114,1744,79.6,930
1,1102,1089,1842,103.2,1043
0,958,1032,1582,66.2,771
0,1043,1055,1704,74.7,960
0,949,1023,1593,58.5,783
0,1046,975,1671,64.5,883
0,1148,1156,1523,80.3,1062
0,1216,1221,1838,105.6,1020
0,999,1173,1628,75.9,854
0,926,954,1672,59.2,764
0,923,1026,1620,66.7,762
0,984,1021,1626,66.4,937
0,1249,1111,1529,88,1093
1,972,1024,1779,80.7,893
1,1154,1184,1933,115.9,1117
1,1190,1075,1875,103.2,1005
0,1016,1071,1586,71.5,871
1,1042,1069,1881,99.3,965
0,1161,1053,1493,75.7,983
1,1029,993,1786,81.2,958
1,1025,1032,1969,94.1,973
1,1007,1047,1991,90,869
0,921,1010,1658,60,750
0,1006,1152,1762,78.4,811
0,864,1042,1643,61.2,699
1,1010,1035,1860,85.2,919
0,918,993,1598,59,811
1,1026,,1702,70.3,865
1,1041,1031,1752,83.4,917
0,1053,1100,1590,68,870
0,1032,1057,1694,78.6,868
0,1085,1119,1556,78,968
0,972,1110,1683,76.3,868
0,1119,1038,1672,80,909
0,1074,1065,1692,79,890
1,1073,1028,1965,102.2,991
0,1193,1171,1702,96.7,1058
0,982,1191,1788,91.5,947
0,912,1102,1729,67.8,739
0,930,982,1671,63.6,774
0,1018,1075,1652,75,917
0,927,1053,1694,67.3,835
0,1156,1210,1521,85.9,1032
0,1098,1102,1618,78.8,986
0,942,882,1627,50.1,707
1,989,1159,1915,92.8,945
0,946,1069,1766,73.5,808
1,1011,963,1706,77.6,943
0,963,1020,1649,65,807
0,1254,1244,1775,103.4,1104
0,929,955,1569,58.3,740
1,991,1031,1909,83.1,895
0,1230,1271,1617,99.8,1076
0,1180,1134,1690,91,1030
0,824,895,1676,50.6,687
1,1105,1002,1764,85.9,904
1,990,937,1728,69.7,870
1,981,990,1676,70.6,908
0,1082,1007,1626,69.8,846
1,1016,980,1850,84.3,950
1,1179,1094,1692,101.3,996
1,1053,1078,1895,98.1,1058
1,1177,1122,1891,108.8,1082
1,1050,960,1711,79.9,943
1,1054,1072,1895,97.8,920
0,761,896,1550,45,617
0,864,914,1618,49.8,684
0,1002,992,1771,72.1,828
0,1006,1090,1620,70.3,896
1,1106,1069,1821,97.3,1039
1,972,1002,1793,77.1,868
0,996,1063,1603,67,798
0,956,1054,1757,72.8,877
0,871,1039,1835,68,796
0,907,969,1765,60.4,689
1,1027,1013,1723,78.5,933
0,1074,1010,1713,78.9,872
1,1033,1025,1804,83.5,993
0,1133,1069,1695,78.4,937
0,991,1043,1525,64.9,855
1,1071,957,1618,73.9,951
0,939,970,1688,62.4,811
0,889,852,1625,50.2,647
1,967,1015,1943,83,935
0,1036,979,1605,77.9,868
0,936,1054,1635,66.1,805
1,1011,985,1594,68.5,921
1,998,1024,1732,80.9,919
1,1183,1120,1867,108.4,1045
0,930,1007,1568,61.8,774
0,1165,1292,1765,112.3,1015
0,919,1000,1640,58.8,696
0,954,1062,1649,71.3,839
0,1113,1124,1581,85.5,955
0,933,1154,1808,79.1,804
0,1035,1108,1719,83.2,864
0,1120,1051,1756,86.6,924
0,898,870,1625,49.9,666
0,959,1129,1731,76.6,865
0,1048,1150,1681,79.8,884
0,914,1161,1671,72.4,730
0,1020,1150,1687,78.8,917
1,1035,990,1765,79.8,882
1,996,1029,1850,82.6,988
0,873,1022,1605,58.3,746
1,1086,1055,1905,102.3,1010
0,1148,1050,1634,79,980
1,1143,1127,1763,101,1064
1,1097,1117,2003,110.3,1011
1,1277,1077,1874,122.1,1078
1,1078,1139,2005,106.4,1065
1,949,970,1817,68.9,820
1,996,1019,1755,79.5,951
0,931,1052,1697,65.9,830
1,931,961,1726,71.5,869
0,1022,1201,1733,86.6,878
1,1174,1127,1805,110,1133
0,963,1058,1683,64.3,758
1,1129,1065,1767,94.5,993
1,998,1025,1739,81.6,893
0,902,1006,1747,66.9,728
1,1107,1040,2001,99.6,1035
1,941,975,1808,71,858
1,878,985,1626,68.5,852
0,944,979,1670,60,792
1,1100,1053,1831,92.8,1041
1,937,958,1824,70.5,926
0,1234,1168,1664,94.5,1055
0,903,1130,1942,79.2,729
0,1064,1169,1637,81.3,869
1,1069,1030,1858,95.5,981
1,985,1087,1766,84.9,914
0,904,1055,1620,62.9,796
0,943,971,1708,62.5,672
1,901,903,1659,57.2,787
0,874,969,1704,60,678
0,952,1095,1705,74.7,868
0,1032,1021,1624,73.8,904
0,991,1013,1716,68.2,812
0,951,1073,1715,66.8,814
0,1057,1166,1649,83.3,883
0,881,983,1638,59,678
1,1145,1135,1813,104.5,1013
0,1051,1098,1675,82.9,993
0,1026,1144,1743,79,789
1,1048,987,1733,79.7,899
0,1072,1005,1573,64.8,916
0,918,943,1564,52.3,747
0,952,1072,1688,70.7,800
0,844,1034,1554,55.3,671
0,931,1011,1724,63.9,826
0,818,920,1683,50.6,654
0,1185,1100,1656,92.5,1047
1,940,1033,1868,75,855
1,982,1019,1900,84.3,898
1,970,965,1807,77.8,882
0,1435,1411,1610,143,1389
0,952,1011,1704,67,795
0,900,995,1808,62.9,701
1,1055,992,1781,84.2,890
0,1082,1192,1629,82,919
1,806,906,1784,59.6,729
0,956,1001,1650,63.9,847
1,1110,1127,1740,99.5,1039
1,984,978,1801,67.9,878
0,917,1007,1764,65.1,759
0,1060,1158,1702,87.9,877
0,773,918,1570,45.7,644
1,842,873,1777,60,718
0,900,1030,1782,67,730
1,1141,1030,1751,96.9,1011
0,932,1020,1856,68,777
1,890,904,1649,58,763
1,913,996,1863,75.1,760
1,942,940,1854,79,853
1,963,961,1703,68.4,810
0,1052,1060,1749,81.9,911
1,951,973,1678,69.8,836
1,943,1003,1883,81.4,883
1,1174,1132,2033,125,1093
1,862,948,1950,74.5,778
1,942,977,1936,77.3,854
1,858,872,1754,55.4,749
0,952,1069,1744,70.8,746
1,1159,1115,1964,113.4,1105
0,936,1024,1754,66.8,786
0,955,1006,1574,59.9,725
1,1170,1152,1983,116.8,1074
0,900,994,1678,62.1,703
1,1000,1032,1940,85.5,948
0,1048,1008,1556,65.4,803
1,1062,1040,1905,89.9,978
1,1239,1184,2011,141,1263
0,978,1064,1689,69.3,801
1,1168,1116,1883,112.3,1082
1,930,908,1796,62.1,795
1,918,928,1732,71.2,836
1,1021,1090,1798,87.6,970
1,957,1002,1853,74.1,761
1,1062,1051,1790,89.3,945
1,991,1026,1869,82.5,904
1,1112,1057,1953,93.8,932
1,962,939,1703,69.3,884
1,947,993,1870,82.2,815
1,1029,843,1674,72.8,887
0,1141,1072,1614,81.4,1022
0,794,976,1692,55.6,715
1,1020,1020,1870,83.9,926
0,898,1051,1729,62.7,710
0,944,1049,1795,70.4,821
1,1001,1001,1588,73.4,924
1,1023,1003,1813,84.5,905
0,900,1036,1854,68.1,816
0,961,1101,1814,71.7,802
0,971,1116,1697,73.1,747
0,1373,1206,1765,111.7,1278
0,1112,1085,1668,79.8,958
0,912,951,1646,54.4,695
0,1078,1017,1673,74.9,959
0,1016,1071,1747,74,892
1,964,997,1831,76.5,787
1,1171,1051,1930,108,1000
1,1193,1050,1777,99.5,1002
1,1199,1089,1714,90.5,959
1,1179,1081,1907,110.2,1048
1,955,988,1756,73.3,811
1,976,1023,1840,87.1,1009
0,1085,1096,1675,83,964
0,1235,1294,1579,90.9,1135
1,1255,1166,2054,127.5,1107
0,1149,1182,1669,85.2,990
1,993,988,1918,81.3,882
0,924,1009,1719,66.1,776
1,1211,1133,1790,108.8,1105
0,911,1038,1875,73.9,810
1,1071,1094,1906,96.4,981
1,996,973,1778,75.5,829
0,898,1026,1719,67.6,708
0,883,945,1615,57.1,787
1,952,1015,1862,79.1,914
1,1052,1014,2039,93,856
1,963,1089,1792,86.7,851
1,989,1008,1723,77.5,918
1,945,920,1688,67.3,885
1,1000,980,1593,66.9,907
0,977,,1732,68.4,869
1,987,992,1723,76.3,894
1,907,930,1810,68.7,819
1,1364,1172,1785,143.9,1200
0,1149,1226,1641,88.8,1008
0,1045,1098,1708,81.6,884
1,1014,1063,1845,89.3,931
0,951,1170,1608,74.5,874
0,1032,1033,1745,75.4,899
0,1082,1088,1669,81.3,944
0,1089,1020,1700,74.9,892
1,1063,1144,1910,95.6,1031
1,996,950,1771,74.9,854
1,1079,1126,1825,95.5,952
0,894,1045,1680,63.6,791
0,885,882,1735,63.9,755
1,944,1002,1904,75.3,877
1,1032,1029,1849,85.2,875
1,1000,1021,1811,82.8,960
1,930,994,1735,70.1,830
1,1029,1072,1910,90.2,1005
1,980,957,1842,77.6,854
0,934,1072,1761,68,711
0,905,929,1728,55.7,789
0,850,950,1623,55.4,708
1,907,1010,1751,73.7,885
1,963,972,1794,78.4,878
1,946,956,1862,79.6,848
0,902,1053,1604,59.8,780
0,860,970,1624,54.7,709
0,1074,1038,1676,73.9,890
1,984,1040,2027,87,918
0,1066,1025,1630,75.8,891
0,1135,1163,1742,90.5,936
0,889,1016,1747,65.8,833
0,931,1063,1559,60.5,834
1,949,1002,1672,72.1,809
1,1057,972,1812,78.2,827
0,894,969,1735,57.4,911
1,1276,1089,1787,111.1,1107
1,1139,1071,1965,104.9,953
1,892,953,1875,75,836
1,943,974,1718,71,915
1,1328,1232,1897,136,1270
1,1134,1037,1893,98,1037
1,956,996,1771,74,851
1,1068,1063,1745,80,935
1,1061,1062,1775,88.8,955
1,827,923,1774,57.7,703
1,1057,1041,1781,86.6,1041
1,1237,,1705,114.6,1302
1,808,853,1701,54.7,727
1,1286,1215,1788,133,1206
1,1062,1065,1893,91,865
1,953,937,1745,61.4,798
1,1153,1075,1732,87.4,1048
0,989,1000,1579,68.3,914
0,1152,1212,1619,93.7,1081
0,1009,1085,1631,71.7,792
0,1100,1195,1602,85.9,971
0,920,997,1537,59.9,837
0,1089,1072,1517,75,985
1,1188,1107,1701,98.1,1090
1,869,885,1673,59,733
0,892,1008,1720,61.8,716
0,1113,1232,1730,95.3,888
0,895,978,1740,67.3,746
0,908,991,1646,62.2,758
0,1275,1525,1784,143.2,1245
1,896,870,1753,65.4,788
1,1105,1172,2183,125.3,1067
0,1034,1100,1711,78.4,804
0,823,878,1504,46.5,636
1,899,980,1888,72,842
0,924,1031,1698,66,800
1,1011,944,1929,77.5,874
1,1028,961,1678,72.6,935
0,1130,1132,1640,87.7,938
0,1049,1087,1610,72.9,882
1,998,1035,1850,81.7,886
0,962,1004,1582,66.6,769
1,964,1072,1848,75,767
0,932,1034,1666,63.1,767
1,1301,1255,1934,146.6,1419
0,1035,1177,1645,81,851
0,895,1088,1713,67,745
1,996,954,1907,76.6,832
1,1362,1222,1848,140,1199
1,959,915,1780,68.5,837
1,1263,1257,1793,125.4,1137
0,1318,1266,1594,101.2,1162
1,918,944,1824,71,862
1,995,954,1790,70.8,959
1,962,,1829,80.5,874
1,987,953,1674,75,960
1,1090,1026,1679,83.8,1008
1,1046,1044,1778,87.7,1032
1,973,1015,1784,81,915
1,1160,1083,,98.3,1005
1,1054,1001,1745,83.1,941
1,1005,1021,1732,81.6,893
1,1001,930,1700,71.7,860
1,1064,1086,1812,92.4,969
0,1135,1110,1676,90.1,1073
1,1019,1019,1894,87,927
0,995,1079,1665,67.6,803
0,922,1050,1699,66,739
0,911,969,1680,58.1,665
0,1172,1172,1697,94.3,986
0,863,1040,1694,64.4,718
0,897,964,1840,61,742
0,975,1015,1660,67,739
0,1068,1190,1565,78,891
0,867,965,1619,53.7,748
0,877,933,1694,56.8,717
0,869,959,1724,59.7,754
0,873,916,1648,52.7,756
0,1194,1128,1801,92.2,1006
1,972,1012,1868,77.9,875
1,1010,1057,1838,88.8,935
0,962,955,1656,59.9,821
0,958,1043,1661,63.6,783
0,932,984,1639,60.7,686
0,1046,1168,1705,82,879
1,1054,993,1863,82.4,900
1,1007,1024,1829,83.9,950
0,858,940,1780,55.8,662
1,1071,1093,1990,107,1031
0,1418,1361,1694,119.7,1267
0,864,1067,1745,65.5,824
0,1126,1113,1731,85.5,903
0,1216,1193,1676,92.1,1033
0,920,1021,1583,59.2,724
1,949,1023,1915,79.6,857
1,1123,993,1781,95.6,1001
1,,1048,1908,89.4,898
1,1189,1209,1854,117.8,1076
1,899,1006,1859,77.3,838
0,804,828,1528,37.3,618
0,918,1093,1822,74.9,921
0,823,907,1679,48.7,731
0,1136,1227,1653,95.4,953
1,938,956,1906,72.8,744
0,1041,1040,1579,76.2,903
1,871,914,1774,63.4,740
1,885,856,1764,56.5,735
1,1377,1271,1835,143.4,1220
1,1202,1118,1777,112.1,1104
0,1207,1126,1665,89.8,1031
0,951,950,1668,60.9,842
1,1064,1092,1850,96.9,977
0,978,938,1663,60.8,874
0,975,1033,1612,65.7,776
0,897,999,1549,57,759
0,1131,1245,1476,86,1123
1,1083,1025,1817,90,994
0,916,1016,1772,66.4,763
0,805,865,1617,44,609
1,1158,1104,1693,101.6,1084
0,862,970,1619,55.7,747
0,866,1040,1767,66.5,770
0,917,1054,1703,64.2,732
1,932,1050,1786,79.4,883
1,1157,1086,1632,101.8,1158
0,1135,1160,1590,89.4,1016
0,937,1145,1747,73,740
0,1365,1462,1734,130,1246
1,923,1046,2046,81.9,954
0,938,1112,1721,73.4,778
1,1123,1085,1777,95.7,967
0,865,956,1666,56.8,690
1,902,969,1905,77.2,857
0,1058,1106,1718,78.8,899
1,1173,1142,1839,105.6,1060
0,1086,1232,1670,94.8,953
0,895,949,1523,52.8,701
0,1190,1273,1488,90.5,1072
1,1050,1030,1910,91.6,951
0,955,964,1773,67.8,786
0,928,1105,1750,72,784
0,964,1072,1848,75,767
1,1075,1029,1772,87.5,937
1,1044,1081,1830,85,974
0,942,1017,1788,66,805
1,1090,1109,1800,99.6,1025
0,945,1086,1690,73.9,737
1,984,1026,1849,82,852
0,870,1000,1619,57.4,695
1,922,980,1943,74.7,798
1,919,1031,1879,78.1,862
0,957,1116,1723,79.3,787
0,923,1102,1705,77.3,840
1,962,997,1837,74.6,806
1,938,992,1884,77.5,824
1,971,1035,1868,84.2,901
0,912,966,1767,60.9,725
0,903,909,1577,49.3,641
1,1106,1110,2004,96,949
1,1071,1110,1908,100.1,961
1,901,965,1818,72.2,811
0,902,1059,1843,69.1,747
1,883,924,1710,60.4,747
0,935,969,1613,57,759
0,1170,1204,1675,101.1,975
1,1080,1030,1789,89.9,928
0,906,998,1654,57.7,693
0,839,855,1698,49,696
1,982,1019,1864,76,844
0,857,952,1644,56.4,671
0,868,973,1641,56.2,676
1,870,953,1665,65.7,761
0,935,1020,1532,62.3,743
0,968,1009,1637,64.8,833
1,882,910,1696,58.9,752
0,996,984,1792,68.9,849
1,1004,1027,1788,80.7,825
1,1296,1234,1726,120.3,1264
0,1011,1059,1699,75.5,861
0,845,1004,1650,56,712
1,1049,1019,1842,83.6,857
1,899,1016,1774,77.2,873
0,905,1056,1614,60.5,774
0,907,1069,1714,66.3,747
1,955,980,1766,71.9,887
1,957,952,1666,66.9,869
1,1016,954,1659,68.6,966
0,1076,1099,1737,84.7,916
1,1035,956,1804,80.4,940
0,1057,1123,1774,77.4,884
1,1100,1080,1860,98,1041
0,1318,1220,1724,108,1117
0,928,988,1668,59,730
1,1055,1038,1805,80,963
1,1020,994,1713,86.3,1001
1,1032,1010,1745,81.3,897
1,1123,1067,1907,102,982
0,876,950,1709,58.4,675
1,919,973,1773,70,837
0,992,1089,1828,81.5,840
0,985,1047,1703,70.6,840
0,906,1046,1725,64,719
1,946,1051,1969,87.4,849
0,959,1035,1658,64.6,783
1,1018,993,1786,80.9,903
1,1058,1106,1718,78.8,899
1,960,970,1871,75.8,877
0,1015,1182,1646,82.3,901
0,924,1002,1673,63.4,774
1,999,960,1690,69,868
1,1109,1170,1909,109.9,1068
0,878,964,1661,57.5,695
1,1213,1091,1806,104.6,1182
1,892,967,1780,66,773
0,928,1023,1669,60.9,748
0,916,1022,1718,63.5,703
1,891,922,1672,64.8,798
0,1026,1026,1774,75.8,882
0,858,996,1656,57.5,660
0,977,1034,1763,71.4,784
1,948,1018,1822,77.1,857
0,967,1088,1666,71.2,808
0,835,1022,1585,55.4,637
0,937,972,1711,60,750
1,843,840,1777,57,683
0,931,1159,1776,74.5,811
0,886,1039,1792,66.6,830
0,924,1037,1662,65.6,829
1,894,974,1814,70,831
0,828,927,1665,54,720
1,978,1059,1951,86.2,919
1,906,1003,1809,73,824
1,906,923,1828,66.5,806
0,871,935,1662,51,733
0,950,1012,1710,66,848
0,963,1099,1729,73,922
0,932,1001,1750,65,726
1,882,969,1808,68.9,764
0,1013,1168,1579,73,842
1,863,913,1696,59,802
0,905,957,1692,56,672
0,898,1003,1717,63.5,716
0,899,1007,1810,63.3,780
0,942,1124,1775,72,769
0,811,916,1814,56,750
0,882,930,1691,55,683
1,1129,1134,1881,107,1066
1,905,1000,1815,71,784
0,999,1136,1776,78,776
1,1102,1103,1846,98,1057
1,979,1007,1849,78,819
1,945,964,1877,70.5,790
1,973,1046,1780,80,879
1,966,1000,1800,75,927
1,1104,1134,1892,99.5,991
0,968,1105,1757,76.5,812
1,972,1040,1819,79.5,808
0,847,938,1745,54.3,648
1,921,1017,1833,73.5,817
0,874,1044,1679,62,738
0,914,1025,1611,59.8,727
0,998,1000,1676,65.1,843
1,1069,1045,1852,90,912
1,904,943,1726,67.5,766
1,1048,1070,1872,83.5,939
1,920,956,1714,68,834
0,881,937,1696,59.4,714
0,919,1015,1709,61,668
1,1029,1033,1815,85,860
1,916,964,1853,67.5,840
1,1007,1075,1913,89.5,942
1,887,912,1747,59.8,732
1,942,1011,1888,74.5,822
0,944,1025,1735,63.5,695
1,1028,1064,1884,85,902
1,970,1020,1846,80,827
1,879,952,1794,67,874
1,915,1010,1836,73.5,883
0,840,959,1613,50,651
1,973,928,1689,60,860
0,1071,1031,1574,67,859
1,944,1000,1800,75.5,826
0,941,1028,1686,70.3,756
0,1005,1071,1608,76.3,899
1,896,934,1848,69,758
1,891,989,1729,68,758
1,978,1024,1874,82,879
0,936,922,1527,52.3,764
1,1071,1016,1913,91,923
1,1156,1072,1692,94.5,1022
0,881,927,1517,53.3,809
1,1195,1080,1711,94,1011
0,944,1002,1677,60.3,732
1,978,1015,1880,75.5,856
1,804,843,1721,50,727
1,1016,922,1728,65.2,863
1,911,942,1799,67,828
1,1060,1047,1815,84,875
1,1138,1153,1939,112,1038
1,883,1011,1769,68,807
0,853,883,1507,44.5,672
0,844,890,1520,48,706
1,927,1008,1809,79.6,796
1,1012,1008,1757,79.6,901
1,1006,1051,1747,79,858
0,865,1072,1734,65.5,746
1,989,1034,1896,81,879
1,949,1012,1908,77,821
1,871,950,1820,66,784
1,978,946,1716,68.5,888
0,1017,1056,1669,72,927
0,841,930,1764,54.1,720
1,1008,1063,1867,88.2,930
1,922,966,1782,70.7,776
0,1032,1104,1690,72.9,847
1,840,908,1792,63.4,752
1,941,1041,1927,79,846
1,912,993,1746,69,817
1,1069,1097,1890,96.9,915
1,875,938,1819,65,760
1,962,993,1951,77,874
1,1009,1052,1849,86.8,945
1,928,982,1811,67,894
1,1020,1101,1784,88,896
1,953,1020,1850,74,832
1,882,895,1772,61.8,703
1,1023,1057,1819,80.9,865
0,887,936,1613,54.3,720
0,1131,1381,1864,123.5,1122
1,982,1043,1795,84,931
1,981,1041,1827,78.9,891
1,1000,1064,1844,90,955
1,1227,1227,1864,123.7,1075
0,819,958,1579,47.4,628
0,1042,1102,1572,70.8,851
0,938,888,1511,52.4,730
1,972,1076,1819,85.4,905
1,895,952,1815,69.3,747
1,895,1026,1852,70.5,795
1,895,920,1732,61.5,760
1,948,1066,1869,84.8,875
0,920,977,1677,59.3,748
1,934,1030,1853,79.5,787
1,910,988,1854,71.6,833
1,884,956,1745,65.7,806
1,918,979,1784,69.2,807
0,970,1030,1640,67.4,835
1,926,1006,1775,79.8,843
1,904,920,1850,69.3,779
1,1033,1003,1795,78.4,915
1,869,991,1773,67,870
1,940,1022,1848,77,835
1,899,904,1832,63.9,737
1,863,936,1800,63.6,777
1,1011,1027,1715,76.8,923
0,919,1054,1723,67,805
1,796,931,1844,61.4,724
0,849,913,1617,49.4,694
0,995,1082,1535,71.5,832
1,982,1020,1729,78.2,834
0,1339,1226,1651,100.6,1103
1,849,957,1948,71.9,813
1,877,921,1755,61.8,736
1,947,976,1814,72.6,884
1,1016,1022,1886,77,822
0,946,1102,1835,76.4,838
1,887,920,1774,63.6,763
1,846,935,1756,58.3,750
0,957,1120,1813,80,892
0,868,1060,1663,63.1,743
0,1086,1138,1660,81.4,878
1,1058,1062,1741,87.1,
1,1122,1118,1909,101.3,938
1,1041,1123,1822,91.9,952
1,908,974,1842,69.5,813
1,914,951,1800,64.4,757
1,922,991,1858,76.9,810
1,961,1085,1892,87.8,925
1,892,931,1935,67.5,859
1,907,987,1918,71.7,790
1,964,1068,1925,80.8,881
1,945,972,1798,67.1,820
1,959,1031,1923,80.1,881
1,938,1045,1775,76.7,860
1,947,1018,1889,80.7,877
1,1034,1159,1997,101.7,1002
1,986,1080,2016,90.5,928
1,923,1009,1814,72.3,844
1,995,1013,1823,78,876
1,881,982,1783,69,807
1,909,972,1877,69,799
1,899,918,1838,60.9,717
1,931,1041,1730,71.2,822
1,887,968,1677,63.1,795
1,973,1074,1798,83.1,928
1,899,941,1804,66.3,888
0,1053,1160,1660,81,871
1,960,998,1923,81.5,858
0,1033,1125,1613,76.4,820
1,942,969,1801,70,836
1,965,930,1705,71.5,826
1,936,967,1739,72.4,814
0,988,1048,1729,71.3,752
0,965,1001,1634,61.7,759
1,917,940,1740,66.7,787
0,849,974,1679,56,792
0,851,930,1612,52,716
1,1050,1002,1733,77,888
0,870,998,1561,54.3,643
0,849,940,1639,55.3,730
0,848,912,1560,52.9,690
1,967,888,1689,69.4,786
0,829,980,1631,57.6,624
0,864,962,1688,61.4,775
0,861,965,1669,58.3,749
0,833,929,1622,52.9,674
0,875,962,1685,56.8,732
0,944,1022,1634,65.2,801
1,976,996,1671,75.4,908
1,1049,986,1684,81,872
0,901,1006,1602,60.3,723
1,998,1013,1771,80,914
0,828,884,1488,46.4,608
0,877,1017,1581,60.5,731
0,780,894,1513,47.5,603
1,946,938,1638,65.5,791
1,991,977,1838,81.1,851
1,932,986,1749,74.5,832
0,857,950,1720,56.8,730
0,889,972,1611,58.6,805
0,764,892,1610,47,669
0,1042,1170,1625,78.3,831
1,986,964,1782,77.6,856
0,874,936,1629,57.1,719
0,923,1023,1699,68.4,749
1,1041,1095,1827,89.6,960
1,981,984,1659,73.2,862
0,895,986,1571,56,717
0,733,889,1592,44,680
1,943,959,1780,72.3,802
0,866,993,1671,56.9,755
0,825,914,1551,50,722
1,965,880,1683,59.6,753
0,945,1019,1672,66.1,785
1,1053,1039,1799,90.6,1024
1,1006,1111,1742,81.5,960
1,1125,1008,1708,80.9,912
1,992,953,1649,69.7,825
1,1005,987,1750,74.4,850
0,1102,1154,1558,75.6,795
1,980,982,1686,69.7,841
1,1103,1080,1863,103.5,1070
1,1025,1020,1633,83.3,936
1,925,905,1692,,772
1,914,919,1667,64.8,780
0,912,1057,1637,65.5,769
1,1045,1065,1742,87.3,958
1,1080,1057,1763,85.3,909
1,921,972,1634,63.5,791
1,804,839,1627,50.8,708
1,934,962,1606,65.8,806
1,966,933,1776,66.3,785
0,815,889,1503,44.9,645
1,946,1003,1721,70.8,814
1,926,955,1728,70.6,889
1,879,921,1696,62.6,798
1,905,957,1810,70.7,815
1,856,924,1692,59.4,784
1,1166,1057,1731,92.3,1028
1,1106,1090,1719,89.7,985
0,901,990,1550,55.6,703
1,880,919,1728,63.5,756
0,832,873,1499,44.4,653
1,824,948,1785,59.3,821
1,1021,980,1650,75.4,904
1,842,874,1651,53.5,686
0,746,828,1506,37.9,572
1,1023,997,1874,85.6,906
1,851,871,1657,52.8,701
0,1005,1091,1550,68.3,840
1,1058,1062,1722,90.3,1046
1,1054,985,1738,77.1,883
1,865,934,1767,64.9,795
1,1009,1060,1773,84,871
0,787,944,1558,47.7,662
0,833,908,1590,53,775
0,896,961,1667,58.3,738
0,1211,1114,1664,90.1,953
1,1072,1073,1724,86.8,957
0,886,952,1622,56.3,745
0,846,911,1517,49.2,696
0,923,1027,1649,63.2,756
0,829,957,1571,51.5,733
1,866,920,1807,66.7,809
1,866,961,1751,66.1,779
1,925,905,1717,66,750
0,914,1004,1680,66.3,788
1,1034,1055,1770,83.8,926
0,971,1026,1604,64.5,781
1,984,1024,1767,80.7,902
0,923,1051,1621,67.5,776
1,854,897,1660,57,734
0,900,983,1690,64.7,702
1,1008,1020,1785,82.6,902
1,939,964,1707,71.2,823
0,1033,1017,1559,65.6,839
1,877,935,1830,62.6,735
1,814,891,1730,59.9,735
1,934,980,1711,67.4,818
0,784,892,1668,49.6,667
1,899,930,1654,62.1,801
0,944,959,1543,56.1,755
1,1216,1063,1753,105.8,1154
1,1056,956,1661,72.6,882
1,951,1015,1866,78.5,840
1,954,930,1683,64.2,795
0,835,937,1530,49.7,610
0,905,985,1698,59.2,772
1,969,987,1657,69.9,867
0,888,999,1672,59.6,737
0,910,1035,1671,61.6,850
1,878,914,1662,58.1,736
0,852,960,1683,57.2,769
1,870,871,1735,56.6,785
0,827,907,1611,50.2,765
0,850,902,1467,45.5,624
1,967,995,1722,70.5,811
1,930,969,1733,66.6,823
1,940,962,1629,69.7,816
0,888,977,1614,54.2,809
1,889,960,1721,64.9,789
0,963,1008,1735,69.8,785
1,994,1022,1765,76.7,855
1,954,1016,1868,77.9,898
1,885,970,1804,67.9,831
1,972,960,1912,74.8,842
0,753,892,1565,44.1,764
0,840,920,1625,50.3,634
1,961,955,1710,69.4,807
0,889,1011,1669,62,720
0,887,995,1619,60.5,708
0,845,973,1599,53.5,745
0,907,986,1586,59.3,745
1,859,955,1748,67.5,805
1,888,953,1874,69.7,823
1,907,940,1690,63.8,785
0,830,971,1666,57.9,762
1,854,950,1710,65.4,775
0,849,1005,1664,56.9,689
0,890,1021,1624,58.9,840
0,872,924,1564,51.6,700
1,897,942,1679,59.8,816
1,1066,970,1715,78.7,884
0,805,925,1594,50.1,684
1,886,974,1756,65.6,762
1,1116,1105,1830,97.6,1050
1,950,996,1688,72.1,820
0,790,867,1506,45.1,701
0,834,999,1704,54.2,730
1,826,816,1729,48.2,682
1,950,995,1685,71.7,786
1,1004,1037,1744,82.6,858
1,882,947,1834,73.3,856
0,986,1091,1678,76,825
1,1107,1088,1840,99.1,945
1,973,870,1640,60.2,768
0,841,1053,1574,57.7,734
0,865,977,1594,57.2,811
1,884,947,1707,65.2,805
1,917,961,1887,72.5,848
1,953,914,1788,66.3,801
0,900,1026,1639,63.4,817
1,1000,1016,1908,84.6,912
1,949,985,1768,70.9,772
1,1137,1063,1617,90.1,1146
0,782,900,1537,46.6,687
1,877,960,1749,67.5,800
1,888,911,1696,60.6,805
0,890,926,1596,51.1,751
0,869,1024,1590,60.2,727
1,1088,1011,1780,83.9,925
1,985,956,1736,75.3,889
1,925,943,1805,69.5,811
1,841,880,1716,57.6,760
1,1027,1057,1821,86.5,900
1,912,963,1789,72.9,797
1,899,1006,1778,72,814
0,862,955,1667,53.5,674
0,892,983,1720,62.3,694
0,911,932,1544,50.3,693
1,919,987,1709,68.7,784
1,827,914,1705,58.2,776
0,840,972,1602,52.1,758
1,889,908,1671,59,755
1,947,1012,1651,70.6,887
0,880,923,1610,50.7,690
1,911,1008,1778,70,862
1,973,1017,1776,78,880
0,1016,1037,1545,68.5,792
0,895,934,1619,53.3,708
0,858,973,1697,59.8,730
0,980,1039,1623,65,821
0,922,1100,1736,69.1,698
0,894,982,1609,56.6,760
0,917,998,1659,59.5,775
0,819,955,1682,55.4,789
1,903,961,1639,66.1,838
1,973,982,1770,73.1,835
1,1005,1010,1671,78.3,932
1,954,1080,1668,79.3,923
1,1012,997,1640,71.9,865
1,877,883,1593,59,740
1,1069,998,1703,81.8,954
1,940,997,1703,66.6,789
1,1029,1010,1846,81.7,865
0,880,970,1571,57.7,805
1,866,980,1685,67.9,810
1,994,1090,1669,82.3,972
0,900,1027,1523,59.8,803
0,918,1054,1570,61.8,752
1,1044,1043,1728,81.1,892
0,875,966,1712,56.8,782
1,991,945,1735,68.5,793
1,1137,936,1654,79.3,983
1,941,1013,1703,74.8,830
1,941,900,1475,59.1,824
0,979,1001,1505,61.9,808
1,942,985,1715,71.5,819
1,954,,1739,70.7,787
1,915,950,1707,67.8,800
1,925,979,1798,70.7,785
1,1164,1141,1795,108.9,1025
0,830,905,1580,51.7,685
1,1030,970,1680,72,840
1,1120,1040,1809,93.2,933
0,900,999,1621,57.9,694
1,972,1064,1699,76.3,874
0,861,941,1610,56.8,694
1,890,910,1685,61.7,747
0,915,1035,1628,62,854
0,965,997,1619,62.6,803
0,800,889,1576,47.4,659
0,925,1063,1596,64.3,800
0,917,968,1671,61.1,774
0,862,911,1695,50.1,727
1,993,1037,1849,84.3,867
0,840,910,1558,49.9,667
1,922,942,1702,65,811
1,918,973,1806,64.6,762
0,932,951,1593,58.2,737
0,830,868,1531,43.3,633
0,849,930,1636,53.2,681
0,794,961,1629,50.4,794
0,889,901,1655,51.5,760
1,851,915,1701,59.3,765
0,817,934,1694,51.8,797
1,964,1043,1680,80.4,872
0,871,965,1635,54.2,768
0,981,1060,1754,71,868
0,849,950,1698,54.1,758
0,834,979,1714,57.9,778
0,807,907,1488,47.8,655
0,824,900,1547,47.5,683
0,881,988,1644,56.6,758
1,902,935,1780,63.9,812
0,884,1011,1626,62.2,756
1,941,1026,1667,76.6,877
0,897,971,1560,56.5,705
0,1073,1153,1616,82.4,971
0,818,927,1590,49.5,763
1,995,981,1683,70,845
0,793,895,1559,44.6,648
1,882,924,1664,60.2,733
0,818,926,1574,48.6,753
1,1117,1003,1720,88.3,961
0,862,973,1660,56.6,724
0,870,994,1619,56.7,725
0,855,917,1645,52.8,688
0,836,967,1649,55.1,740
1,875,1034,1741,79.2,856
1,1010,1042,1766,82,872
0,1085,1081,1530,73.2,905
1,1012,1064,1769,85.1,883
0,813,924,1603,49.4,634
1,927,915,1834,63.8,784
0,812,899,1530,46.2,752
1,900,977,1729,68.4,799
1,923,928,1785,64.9,798
1,973,941,1656,68,914
1,1022,961,1765,71.1,806
1,844,910,1703,61.8,732
1,926,868,1786,62.8,754
0,950,1015,1684,64.2,830
1,885,987,1815,69.4,806
1,987,955,1787,70.1,804
1,884,915,1742,63.6,778
1,797,811,1663,47.3,754
1,945,1064,1715,79.6,915
0,920,1036,1560,60.4,761
1,981,963,1693,75,877
0,954,1162,1669,79.8,882
0,875,992,1545,55.8,750
0,854,948,1484,46.7,622
1,996,988,1730,78.9,934
1,994,980,1747,77.7,950
0,1335,1202,1549,100.5,1086
0,798,969,1645,55.6,709
1,914,932,1770,68.5,802
0,821,909,1660,53.7,724
0,944,973,1623,62.7,847
0,903,1044,1687,68,804
1,947,1033,1760,79.7,847
1,940,1027,1764,75.2,846
0,849,845,1569,47.6,710
1,1003,1081,1643,83,944
0,854,1004,1585,57.2,723
1,805,895,1755,58.6,765
1,901,1011,1873,77.8,833
1,919,942,1720,65.7,828
1,1090,1064,1707,90,946
1,868,1058,1793,80.1,851
1,973,956,1813,71.6,823
1,980,967,1834,77.3,825
0,900,1040,1673,61.9,757
1,784,877,1744,55.9,733
0,826,979,1633,53.7,747
0,923,954,1633,54.9,736
0,846,905,1605,48.7,717
1,904,945,1717,67.2,795
1,1125,1111,1779,97.6,962
1,1051,1024,1910,89.1,893
1,885,993,1833,71.7,855
1,1036,996,1719,76,857
1,972,1076,1873,84.9,915
1,982,1037,1853,80.5,872
0,902,1006,1786,63.6,795
1,981,1046,1762,78.5,878
1,923,966,1698,65.3,766
1,815,950,1680,58.2,766
0,851,895,1605,50,750
0,976,942,1644,59.9,750
0,848,990,1631,58.3,824
1,834,912,1841,61.8,780
0,872,1035,1645,61.6,705
1,864,940,1775,65.4,804
1,849,906,1814,59.1,764
1,858,936,1789,63.9,772
1,924,949,1759,62.9,738
0,825,938,1636,51.7,669
1,877,900,1671,57.7,742
1,917,937,1605,59.9,810
0,790,891,1689,49.7,702
1,925,993,1688,67.3,767
1,922,919,1732,63.9,805
0,831,931,1664,51.8,707
1,954,1015,1744,72.3,813
1,874,896,1736,58.1,783
1,898,952,1658,62.9,774
1,843,891,1728,60.2,755
0,889,933,1649,51.7,735
0,930,997,1620,59.9,783
1,855,942,1695,61.1,742
1,879,909,1734,59.5,772
1,986,1095,1778,87.2,927
0,859,969,1623,53.3,745
0,875,1015,1665,60.4,703
1,1014,1030,1630,80.8,879
1,872,972,1720,64.7,764
1,1213,1174,1737,110.4,1170
1,946,1022,1792,74.4,857
0,892,970,1568,57,749
0,818,922,1675,52.7,811
1,884,1008,1732,68.4,782
1,924,997,1622,68,777
0,811,905,1640,49.4,680
1,856,931,1674,60.1,750
0,829,985,1523,52.8,667
0,792,955,1547,48.8,653
1,894,910,1709,62.4,727
1,951,991,1866,74.8,911
1,927,1005,1744,69.9,812
1,822,886,1716,53.2,679
0,1182,1140,1580,79.3,931
1,936,985,1711,70.9,820
1,1036,1033,1914,89.4,953
1,1000,1034,1850,86.5,965
0,979,998,1695,67,773
1,1079,1023,1675,79.2,948
0,795,954,1540,49.7,645
1,1015,1043,1674,81.4,930
1,1127,1048,1818,90.7,937
0,914,958,1601,56.5,696
0,837,895,1594,52,705
0,906,930,1635,54.9,703
0,819,921,1552,48,667
0,815,915,1609,49.6,722
1,1011,1009,1625,76.3,940
0,978,952,1533,58.7,745
1,871,905,1651,58.3,750
0,870,965,1727,59.3,687
1,1099,1052,1764,86.4,945
1,981,925,1607,68.3,858
1,872,960,1780,67.8,760
1,1071,976,1676,81.3,836
0,982,1046,1588,68.1,853
1,1120,1030,1673,83.9,944
0,887,909,1484,49.8,685
1,930,961,1735,70.1,809
1,1055,1062,1733,93.6,962
1,936,965,1745,68.2,809
0,1065,1075,1535,69.5,940
1,912,945,1820,69.6,812
1,970,998,1708,75.7,895
1,985,1023,1795,79.4,898
0,916,1029,1694,65.7,829
1,901,986,1761,75.5,829
1,884,909,1650,62.1,751
1,1029,1010,1777,81.2,811
0,925,1001,1630,60.4,772
0,956,1035,1659,67.2,805
1,940,970,1727,69.4,875
0,839,914,1629,52.2,695
0,916,985,1620,60,774
1,915,935,1662,61.2,774
0,865,985,1704,64.1,793
1,1014,997,1715,80.5,841
0,878,911,1636,53.1,694
1,1099,1055,1783,91.9,1020
0,863,986,1598,58.6,771
1,949,992,1646,70.8,881
1,864,1006,1700,73,875
1,994,1023,1676,74.4,898
1,927,930,1810,66.5,800
1,935,1004,1738,71.3,842
1,995,946,1685,72.1,816
0,1055,1132,1572,75.8,804
0,1025,1141,1665,76.6,901
1,983,962,1670,73.8,838
1,933,870,1807,61.9,791
0,843,900,1568,50.8,709
0,929,930,1492,52.9,743
0,808,884,1467,46.7,705
0,819,896,1664,51.8,823
0,900,985,1540,54.5,749
0,811,930,1558,49.9,725
0,971,1137,1605,72.3,882
1,954,978,1669,74.1,935
1,924,1019,1774,72,810
1,920,971,1720,70.1,835
1,950,976,1745,72.8,845
0,925,1044,1537,60.2,880
0,999,1075,1621,69.7,955
0,975,1010,1660,66,824
0,870,935,1601,51.4,725
1,992,994,1730,77.2,886
0,843,980,1522,50.9,700
0,806,943,1595,46.8,688
0,1037,1035,1527,66,910
0,859,909,1537,49.5,681
1,1009,1080,1845,84.5,940
0,954,1050,1570,66.5,809
1,996,985,1610,71.9,886
0,928,986,1629,57.7,719
1,1142,1110,1818,106,987
0,979,989,1505,62,800
1,1103,966,1570,76.6,953
1,1060,1030,1828,85.1,860
0,756,853,1465,42.9,630
0,923,952,1622,60.7,761
1,946,960,1683,65.8,777
0,880,925,1541,46.4,683
0,889,961,1582,56.2,747
0,960,1090,1691,64.5,790
1,1032,1152,1789,98.1,961
1,1035,977,1796,78.5,904
1,970,938,1668,66.5,762
0,1150,1251,1644,91.8,1085
1,953,953,1650,68.4,885
1,978,945,1704,70.5,820
0,805,930,1664,51.9,694
0,841,975,1654,56.9,759
1,956,910,1739,67.7,866
0,767,886,1594,47.6,668
0,839,964,1596,56.4,705
1,876,969,1724,65.5,827
1,915,920,1765,64.5,768
0,841,960,1675,56.9,745
1,974,1030,1790,80.7,880
0,935,1130,1640,73.2,790
0,965,1065,1657,69.8,850
0,824,917,1594,50.1,708
0,1006,1034,1522,63.9,834
0,941,922,1558,51.8,741
0,905,975,1577,55.5,705
0,835,810,1625,44.4,687
0,870,910,1580,49.5,665
0,846,960,1568,54.5,666
1,1000,1000,1711,75.2,795
0,949,1011,1645,64.2,780
1,880,890,1728,60.4,725
0,834,1000,1613,55.3,694
1,952,979,1723,74.5,876
0,890,1031,1657,61.4,770
1,950,968,1705,65.6,861
1,935,948,1777,69.9,821
1,965,943,1669,65.5,788
0,910,1046,1556,68,815
0,995,1125,1640,76.6,897
0,793,854,1507,43.7,634
0,892,1049,1630,62.1,873
0,820,900,1690,52.5,773
1,918,965,1785,71.4,762
0,829,918,1634,51.2,722
1,981,985,1729,71,796
1,920,960,1691,64.7,790
1,930,990,1717,71.3,826
1,955,1005,1739,71.6,855
1,941,975,1658,70.1,825
0,855,960,1578,53.8,725
1,1120,1080,1916,94.7,1025
1,1282,1525,1794,142.7,1410
1,1057,1030,1735,80.5,905
0,852,995,1537,53.9,765
0,815,935,1598,52.2,674
0,865,970,1560,58.3,728
1,900,933,1614,58.7,806
0,944,943,1529,52.4,721
1,879,943,1743,64,794
0,852,934,1524,51.5,665
1,860,961,1837,68.7,771
1,1077,1029,1835,88.7,967
0,849,926,1578,48.8,677
0,893,1028,1690,60.8,816